{"cameraMode":{"drawMode":0,"name":"Shaded","section":"Shading Mode"},"sceneLighting":true,"audioPlay":false,"sceneViewState":{"showFog":true,"showMaterialUpdate":false,"showSkybox":true,"showFlares":true,"showImageEffects":true,"showParticleSystems":true},"in2DMode":false,"pivot":{"x":-16.275049209594728,"y":7.685603141784668,"z":-20.5780086517334},"rotation":{"x":0.19563212990760804,"y":-0.635702908039093,"z":0.1709596961736679,"w":0.7269600033760071},"size":7.588161945343018,"orthographic":false}