{"cameraMode":{"drawMode":0,"name":"Shaded","section":"Shading Mode"},"sceneLighting":true,"audioPlay":false,"sceneViewState":{"showFog":true,"showMaterialUpdate":false,"showSkybox":true,"showFlares":true,"showImageEffects":true,"showParticleSystems":true},"in2DMode":false,"pivot":{"x":-12.479308128356934,"y":11.340811729431153,"z":-13.435836791992188},"rotation":{"x":-0.15420272946357728,"y":0.007706405129283667,"z":-0.001130992197431624,"w":-0.988092303276062},"size":2.3178277015686037,"orthographic":false}