{"cameraMode":{"drawMode":0,"name":"Shaded","section":"Shading Mode"},"sceneLighting":true,"audioPlay":false,"sceneViewState":{"showFog":true,"showMaterialUpdate":false,"showSkybox":true,"showFlares":true,"showImageEffects":true,"showParticleSystems":true},"in2DMode":false,"pivot":{"x":32.969905853271487,"y":5.425508499145508,"z":-21.800960540771486},"rotation":{"x":0.027905551716685296,"y":-0.9707945585250855,"z":0.19205358624458314,"w":0.14105717837810517},"size":29.272705078125,"orthographic":false}