{"cameraMode":{"drawMode":0,"name":"Shaded","section":"Shading Mode"},"sceneLighting":true,"audioPlay":false,"sceneViewState":{"showFog":true,"showMaterialUpdate":true,"showSkybox":true,"showFlares":true,"showImageEffects":true,"showParticleSystems":true},"in2DMode":false,"pivot":{"x":-6.766289710998535,"y":8.843204498291016,"z":-1.1304512023925782},"rotation":{"x":-0.03641485795378685,"y":0.9635858535766602,"z":-0.18762551248073579,"w":-0.18701471388339997},"size":62.09608459472656,"orthographic":false}