{"cameraMode":{"drawMode":0,"name":"Shaded","section":"Shading Mode"},"sceneLighting":true,"audioPlay":false,"sceneViewState":{"showFog":true,"showMaterialUpdate":true,"showSkybox":true,"showFlares":true,"showImageEffects":true,"showParticleSystems":true},"in2DMode":false,"pivot":{"x":30.335683822631837,"y":47.13402557373047,"z":98.78497314453125},"rotation":{"x":-0.48122504353523257,"y":-0.39342832565307619,"z":0.2557065784931183,"w":-0.7404646873474121},"size":0.4265176057815552,"orthographic":false}